{
    "adult": false,
    "backdrop_path": "/tFI8VLMgSTTU38i8TIsklfqS9Nl.jpg",
    "belongs_to_collection": null,
    "budget": 165000000,
    "genres": [
        {
            "id": 28,
            "name": "Action"
        },
        {
            "id": 12,
            "name": "Aventure"
        },
        {
            "id": 14,
            "name": "Fantastique"
        },
        {
            "id": 878,
            "name": "Science-Fiction"
        }
    ],
    "homepage": "",
    "id": 284052,
    "imdb_id": "tt1211837",
    "original_language": "en",
    "original_title": "Doctor Strange",
    "overview": "Un chirurgien devient l'apprenti d'un sorcier après un accident qui l'a privé de l'usage de ses mains...",
    "popularity": 53.50602,
    "poster_path": "/9BHUGbJYlBCYsrp4DXd9aPpAIj3.jpg",
    "production_companies": [
        {
            "name": "Marvel Studios",
            "id": 420
        }
    ],
    "production_countries": [
        {
            "iso_3166_1": "US",
            "name": "United States of America"
        }
    ],
    "release_date": "2016-10-25",
    "revenue": 494028124,
    "runtime": 115,
    "spoken_languages": [
        {
            "iso_639_1": "en",
            "name": "English"
        }
    ],
    "status": "Released",
    "tagline": "",
    "title": "Doctor Strange",
    "video": false,
    "vote_average": 6.7,
    "vote_count": 974,
    "videos": {
        "results": [
            {
                "id": "5794a739c3a3687709002ecb",
                "iso_639_1": "fr",
                "iso_3166_1": "FR",
                "key": "1UAQnqME71I",
                "name": "Bande Annonce 2 VF",
                "site": "YouTube",
                "size": 1080,
                "type": "Trailer"
            },
            {
                "id": "57a0e9dac3a368476400003b",
                "iso_639_1": "fr",
                "iso_3166_1": "FR",
                "key": "zTP47-0pBN8",
                "name": "Bande Annonce 1 VF",
                "site": "YouTube",
                "size": 1080,
                "type": "Trailer"
            },
            {
                "id": "570de6f5c3a3680a3000173a",
                "iso_639_1": "fr",
                "iso_3166_1": "FR",
                "key": "EWj_GlfqxR8",
                "name": "Bande annonce (VOST)",
                "site": "YouTube",
                "size": 1080,
                "type": "Trailer"
            }
        ]
    },
    "images": {
        "backdrops": [
            {
                "aspect_ratio": 1.77777777777778,
                "file_path": "/tFI8VLMgSTTU38i8TIsklfqS9Nl.jpg",
                "height": 2160,
                "iso_639_1": null,
                "vote_average": 5.39,
                "vote_count": 6,
                "width": 3840
            },
            {
                "aspect_ratio": 1.77777777777778,
                "file_path": "/hETu6AxKsWAS42tw8eXgLUgn4Lo.jpg",
                "height": 1080,
                "iso_639_1": null,
                "vote_average": 5.312,
                "vote_count": 7,
                "width": 1920
            },
            {
                "aspect_ratio": 1.77777777777778,
                "file_path": "/2wgKgQAqso1p1yP6unsq9nl7Xdc.jpg",
                "height": 2160,
                "iso_639_1": null,
                "vote_average": 5.252,
                "vote_count": 4,
                "width": 3840
            },
            {
                "aspect_ratio": 1.77777777777778,
                "file_path": "/yqyZLEfSiSeqmn5oRahbOUTUHd9.jpg",
                "height": 2160,
                "iso_639_1": null,
                "vote_average": 5.252,
                "vote_count": 4,
                "width": 3840
            },
            {
                "aspect_ratio": 1.77777777777778,
                "file_path": "/o0PkvPlXAnvLO7mzhQRDmlt2GM7.jpg",
                "height": 2160,
                "iso_639_1": null,
                "vote_average": 5.25189786059351,
                "vote_count": 6,
                "width": 3840
            },
            {
                "aspect_ratio": 1.77777777777778,
                "file_path": "/a2dpkXk6qeIFyZYhVk4PcDpDAg8.jpg",
                "height": 720,
                "iso_639_1": null,
                "vote_average": 5.246,
                "vote_count": 2,
                "width": 1280
            },
            {
                "aspect_ratio": 1.77777777777778,
                "file_path": "/wbBy671e24Eqmo5DfvSXWThy9CR.jpg",
                "height": 2160,
                "iso_639_1": null,
                "vote_average": 5.246,
                "vote_count": 4,
                "width": 3840
            },
            {
                "aspect_ratio": 1.77777777777778,
                "file_path": "/sDNhWjd4X7c0oOlClkkwvqVOo45.jpg",
                "height": 2160,
                "iso_639_1": null,
                "vote_average": 5.24542124542125,
                "vote_count": 2,
                "width": 3840
            },
            {
                "aspect_ratio": 1.77777777777778,
                "file_path": "/am7uBFYnOY9xzxOXnvGgtoIOne9.jpg",
                "height": 1152,
                "iso_639_1": null,
                "vote_average": 5.24542124542125,
                "vote_count": 2,
                "width": 2048
            },
            {
                "aspect_ratio": 1.77777777777778,
                "file_path": "/8e1KXEKQADumBgIYnL6KtlJsZUC.jpg",
                "height": 1080,
                "iso_639_1": null,
                "vote_average": 5.21708683473389,
                "vote_count": 5,
                "width": 1920
            },
            {
                "aspect_ratio": 1.77777777777778,
                "file_path": "/3NG4WyCuIPnZbwxTEPaaigMtlXY.jpg",
                "height": 1080,
                "iso_639_1": null,
                "vote_average": 5.18037518037518,
                "vote_count": 3,
                "width": 1920
            },
            {
                "aspect_ratio": 1.77777777777778,
                "file_path": "/1uyOhUMWbo7Y2hbaZDNK2chWxQs.jpg",
                "height": 1080,
                "iso_639_1": null,
                "vote_average": 5.17316017316017,
                "vote_count": 3,
                "width": 1920
            },
            {
                "aspect_ratio": 1.77816901408451,
                "file_path": "/hP27T62TO2KZnUWN6E3Uk1vJdvE.jpg",
                "height": 1136,
                "iso_639_1": null,
                "vote_average": 5.17113095238095,
                "vote_count": 1,
                "width": 2020
            },
            {
                "aspect_ratio": 1.77777777777778,
                "file_path": "/uggJ1tGE9dRFAp5B25NB8lgqV0b.jpg",
                "height": 720,
                "iso_639_1": null,
                "vote_average": 5.17113095238095,
                "vote_count": 1,
                "width": 1280
            },
            {
                "aspect_ratio": 1.77777777777778,
                "file_path": "/lV9uWgXuoZbJ4IUEYhvbosoLsfQ.jpg",
                "height": 1080,
                "iso_639_1": null,
                "vote_average": 5.07936507936508,
                "vote_count": 3,
                "width": 1920
            },
            {
                "aspect_ratio": 1.7775,
                "file_path": "/bPP1iwwk4OKpTFm8GPS3wjYbMCK.jpg",
                "height": 800,
                "iso_639_1": null,
                "vote_average": 0,
                "vote_count": 0,
                "width": 1422
            },
            {
                "aspect_ratio": 1.7775,
                "file_path": "/pXHSQmESSP5oxKC4EJMfAgRp2g1.jpg",
                "height": 800,
                "iso_639_1": null,
                "vote_average": 0,
                "vote_count": 0,
                "width": 1422
            },
            {
                "aspect_ratio": 1.77816901408451,
                "file_path": "/qXklXoS9ompv2aJolE5u1l9NrEl.jpg",
                "height": 1136,
                "iso_639_1": null,
                "vote_average": 0,
                "vote_count": 0,
                "width": 2020
            },
            {
                "aspect_ratio": 1.77816901408451,
                "file_path": "/UGYlTURiDI5ghSXz84x8JwyEMn.jpg",
                "height": 1136,
                "iso_639_1": null,
                "vote_average": 0,
                "vote_count": 0,
                "width": 2020
            },
            {
                "aspect_ratio": 1.77700348432056,
                "file_path": "/jKYB5JpLHL4b5R8ahItbhEaAv5Z.jpg",
                "height": 1148,
                "iso_639_1": null,
                "vote_average": 0,
                "vote_count": 0,
                "width": 2040
            },
            {
                "aspect_ratio": 1.77777777777778,
                "file_path": "/zvXHPibcsQjvs2r241sjxYNVctb.jpg",
                "height": 1080,
                "iso_639_1": null,
                "vote_average": 0,
                "vote_count": 0,
                "width": 1920
            }
        ],
        "posters": [
            {
                "aspect_ratio": 0.666666666666667,
                "file_path": "/xfWac8MTYDxujaxgPVcRD9yZaul.jpg",
                "height": 1500,
                "iso_639_1": "en",
                "vote_average": 6.19,
                "vote_count": 30,
                "width": 1000
            },
            {
                "aspect_ratio": 0.666666666666667,
                "file_path": "/1udSwERoYpIN7Fxmlz1XHWbdqaO.jpg",
                "height": 1500,
                "iso_639_1": "en",
                "vote_average": 5.512,
                "vote_count": 22,
                "width": 1000
            },
            {
                "aspect_ratio": 0.666666666666667,
                "file_path": "/cPaQPtbJkJzuDQ6BxyH9Dg4Fw8r.jpg",
                "height": 1500,
                "iso_639_1": "en",
                "vote_average": 5.456,
                "vote_count": 11,
                "width": 1000
            },
            {
                "aspect_ratio": 0.700389105058366,
                "file_path": "/cyyTjHW0oemFgJYE7Gyx5yxbFbs.jpg",
                "height": 1028,
                "iso_639_1": "zh",
                "vote_average": 5.384,
                "vote_count": 2,
                "width": 720
            },
            {
                "aspect_ratio": 0.7,
                "file_path": "/wIr0eD4YB0hu7bLY9m08AyUjCpw.jpg",
                "height": 1100,
                "iso_639_1": "es",
                "vote_average": 5.318,
                "vote_count": 3,
                "width": 770
            },
            {
                "aspect_ratio": 0.666666666666667,
                "file_path": "/n526OL31FOdrBnpPJk9VWcaUI6N.jpg",
                "height": 900,
                "iso_639_1": "gl",
                "vote_average": 5.318,
                "vote_count": 3,
                "width": 600
            },
            {
                "aspect_ratio": 0.701262272089762,
                "file_path": "/bBB1WZlhMmZd3Kk9p8fp3gvN4oS.jpg",
                "height": 1426,
                "iso_639_1": "pt",
                "vote_average": 5.3125,
                "vote_count": 1,
                "width": 1000
            },
            {
                "aspect_ratio": 0.7,
                "file_path": "/r59tJXWgaeW32vlbSSZDN6YMJwf.jpg",
                "height": 1100,
                "iso_639_1": "pt",
                "vote_average": 5.3125,
                "vote_count": 1,
                "width": 770
            },
            {
                "aspect_ratio": 0.700035001750087,
                "file_path": "/4QDQXIxuwUF6pKFWgTVBO3d0FMJ.jpg",
                "height": 2857,
                "iso_639_1": "el",
                "vote_average": 5.312,
                "vote_count": 1,
                "width": 2000
            },
            {
                "aspect_ratio": 0.666666666666667,
                "file_path": "/9BHUGbJYlBCYsrp4DXd9aPpAIj3.jpg",
                "height": 1500,
                "iso_639_1": "fr",
                "vote_average": 5.312,
                "vote_count": 1,
                "width": 1000
            },
            {
                "aspect_ratio": 0.666666666666667,
                "file_path": "/y5cuIs0lMq9lonQAxbPuFrzSyTq.jpg",
                "height": 900,
                "iso_639_1": "es",
                "vote_average": 5.312,
                "vote_count": 1,
                "width": 600
            },
            {
                "aspect_ratio": 0.666666666666667,
                "file_path": "/q3IrY7GETu7NVoQ2nQePEB9Hed5.jpg",
                "height": 900,
                "iso_639_1": "es",
                "vote_average": 5.312,
                "vote_count": 1,
                "width": 600
            },
            {
                "aspect_ratio": 0.7,
                "file_path": "/rHPl3jxvxm6tdZ04YO2yPkLkRWC.jpg",
                "height": 1100,
                "iso_639_1": "es",
                "vote_average": 5.246,
                "vote_count": 2,
                "width": 770
            },
            {
                "aspect_ratio": 0.7,
                "file_path": "/6Mjuw5kGwAUvfNDss1X9VOHGOcM.jpg",
                "height": 1100,
                "iso_639_1": "fr",
                "vote_average": 5.246,
                "vote_count": 2,
                "width": 770
            },
            {
                "aspect_ratio": 0.675016479894529,
                "file_path": "/eKME9s3ObrJUYakKtGsrpiafaeH.jpg",
                "height": 1517,
                "iso_639_1": "xx",
                "vote_average": 5.23138832997988,
                "vote_count": 8,
                "width": 1024
            },
            {
                "aspect_ratio": 0.701262272089762,
                "file_path": "/gJeTsy9XixXGyUJ1YBfWrVHWk7R.jpg",
                "height": 1426,
                "iso_639_1": "en",
                "vote_average": 5.19,
                "vote_count": 5,
                "width": 1000
            },
            {
                "aspect_ratio": 0.714002380007933,
                "file_path": "/iiDuKsfkRMSyzBio4KZgMkeOQUU.jpg",
                "height": 2521,
                "iso_639_1": "zh",
                "vote_average": 5.18,
                "vote_count": 3,
                "width": 1800
            },
            {
                "aspect_ratio": 0.701262272089762,
                "file_path": "/vhzTLD9N5xu2r7ztuCnbwlukFlq.jpg",
                "height": 1426,
                "iso_639_1": "en",
                "vote_average": 5.174,
                "vote_count": 3,
                "width": 1000
            },
            {
                "aspect_ratio": 0.7,
                "file_path": "/1PPWAWC94EkNhwp2fm6YwbAbstL.jpg",
                "height": 1100,
                "iso_639_1": "el",
                "vote_average": 5.172,
                "vote_count": 1,
                "width": 770
            },
            {
                "aspect_ratio": 0.666666666666667,
                "file_path": "/4UNAI1B6NScCmvrtBXfax1xx641.jpg",
                "height": 1500,
                "iso_639_1": "en",
                "vote_average": 5.166,
                "vote_count": 10,
                "width": 1000
            },
            {
                "aspect_ratio": 0.666666666666667,
                "file_path": "/kZS5mb1NOSYusRB530h9eZ6929z.jpg",
                "height": 1500,
                "iso_639_1": "en",
                "vote_average": 5.14,
                "vote_count": 10,
                "width": 1000
            },
            {
                "aspect_ratio": 0.620689655172414,
                "file_path": "/m93V64sY7F440wvFJYa9U64TPn6.jpg",
                "height": 1450,
                "iso_639_1": "en",
                "vote_average": 5.118,
                "vote_count": 4,
                "width": 900
            },
            {
                "aspect_ratio": 0.7,
                "file_path": "/odvu9sTwpG6Cdy45N6yDKLRt9nw.jpg",
                "height": 960,
                "iso_639_1": "en",
                "vote_average": 5.118,
                "vote_count": 4,
                "width": 672
            },
            {
                "aspect_ratio": 0.666666666666667,
                "file_path": "/1gAX6lJOF0fywb42utSvv6znjI1.jpg",
                "height": 3000,
                "iso_639_1": "en",
                "vote_average": 5.092,
                "vote_count": 12,
                "width": 2000
            },
            {
                "aspect_ratio": 0.6748046875,
                "file_path": "/r2araAehkGkFOLeeG0q4NhquNA8.jpg",
                "height": 1024,
                "iso_639_1": "en",
                "vote_average": 5.088,
                "vote_count": 7,
                "width": 691
            },
            {
                "aspect_ratio": 0.666666666666667,
                "file_path": "/vNh8P4pHTErvHO9Loisx6QjTK57.jpg",
                "height": 3000,
                "iso_639_1": "en",
                "vote_average": 5.068,
                "vote_count": 7,
                "width": 2000
            },
            {
                "aspect_ratio": 0.6752,
                "file_path": "/iU3ZhtxS2FAhkU7uqdRj0sOQqF3.jpg",
                "height": 2500,
                "iso_639_1": "en",
                "vote_average": 5.022,
                "vote_count": 10,
                "width": 1688
            },
            {
                "aspect_ratio": 0.666666666666667,
                "file_path": "/fp6UtGBGUQO38JrTccVTx115duv.jpg",
                "height": 1500,
                "iso_639_1": "en",
                "vote_average": 4.99,
                "vote_count": 6,
                "width": 1000
            },
            {
                "aspect_ratio": 0.666666666666667,
                "file_path": "/hDbhsh9cLdZIGSBRuosjNnA5eZi.jpg",
                "height": 750,
                "iso_639_1": "en",
                "vote_average": 4.984,
                "vote_count": 10,
                "width": 500
            },
            {
                "aspect_ratio": 0.666666666666667,
                "file_path": "/cOpeifwgjHCi0sCtesT4YN2yOWU.jpg",
                "height": 1500,
                "iso_639_1": "en",
                "vote_average": 4.982,
                "vote_count": 4,
                "width": 1000
            },
            {
                "aspect_ratio": 0.666666666666667,
                "file_path": "/28APLx7Qq1mRKc5j6GMnsZdHgpp.jpg",
                "height": 1500,
                "iso_639_1": "en",
                "vote_average": 4.812,
                "vote_count": 12,
                "width": 1000
            },
            {
                "aspect_ratio": 0.666666666666667,
                "file_path": "/bqNW5jdPtos2P5PzI5tS8JPMjWI.jpg",
                "height": 1500,
                "iso_639_1": "en",
                "vote_average": 4.756,
                "vote_count": 8,
                "width": 1000
            },
            {
                "aspect_ratio": 0.666666666666667,
                "file_path": "/9Ja3ZeFNQdIORB1FuycNag6gCCL.jpg",
                "height": 1500,
                "iso_639_1": "en",
                "vote_average": 4.722,
                "vote_count": 10,
                "width": 1000
            },
            {
                "aspect_ratio": 0.666666666666667,
                "file_path": "/xu6d8jgK54avQgH9QEsntbhIFft.jpg",
                "height": 2100,
                "iso_639_1": "ru",
                "vote_average": 0,
                "vote_count": 0,
                "width": 1400
            },
            {
                "aspect_ratio": 0.698324022346369,
                "file_path": "/znj607KGARz7dcNy5p0odxj17jU.jpg",
                "height": 1432,
                "iso_639_1": "ko",
                "vote_average": 0,
                "vote_count": 0,
                "width": 1000
            },
            {
                "aspect_ratio": 0.679,
                "file_path": "/grdCofEUo68fSv4M8mjX4YAykYy.jpg",
                "height": 1000,
                "iso_639_1": "ru",
                "vote_average": 0,
                "vote_count": 0,
                "width": 679
            },
            {
                "aspect_ratio": 0.7,
                "file_path": "/fn3aJronuAsc2vSQwRjd4kjL1Ma.jpg",
                "height": 1100,
                "iso_639_1": "it",
                "vote_average": 0,
                "vote_count": 0,
                "width": 770
            },
            {
                "aspect_ratio": 0.699835975943138,
                "file_path": "/qZO5632lFCkdKtWQ9hImvxUwuty.jpg",
                "height": 1829,
                "iso_639_1": "el",
                "vote_average": 0,
                "vote_count": 0,
                "width": 1280
            },
            {
                "aspect_ratio": 0.699835975943138,
                "file_path": "/fgpsVbKprst6WQyV5HpUme1rWan.jpg",
                "height": 1829,
                "iso_639_1": "el",
                "vote_average": 0,
                "vote_count": 0,
                "width": 1280
            },
            {
                "aspect_ratio": 0.699835975943138,
                "file_path": "/67wG2P473n48suJX8JXzEYkjpZB.jpg",
                "height": 1829,
                "iso_639_1": "el",
                "vote_average": 0,
                "vote_count": 0,
                "width": 1280
            },
            {
                "aspect_ratio": 0.699835975943138,
                "file_path": "/hMze4PSHMso4HfYEIE7HM6ECHWk.jpg",
                "height": 1829,
                "iso_639_1": "el",
                "vote_average": 0,
                "vote_count": 0,
                "width": 1280
            },
            {
                "aspect_ratio": 0.699835975943138,
                "file_path": "/u2obk8iZ8QHSHaNBtoajoc4WVYf.jpg",
                "height": 1829,
                "iso_639_1": "el",
                "vote_average": 0,
                "vote_count": 0,
                "width": 1280
            },
            {
                "aspect_ratio": 0.666666666666667,
                "file_path": "/7RnGHJNM2WVxFLOPUvb27DJ3o42.jpg",
                "height": 918,
                "iso_639_1": null,
                "vote_average": 0,
                "vote_count": 0,
                "width": 612
            },
            {
                "aspect_ratio": 0.666666666666667,
                "file_path": "/pvC98ghNTIEWaaP4O9po7wNSOoP.jpg",
                "height": 1500,
                "iso_639_1": "he",
                "vote_average": 0,
                "vote_count": 0,
                "width": 1000
            },
            {
                "aspect_ratio": 0.675454545454545,
                "file_path": "/l2dAWtvKL9sMe8vR7X8Pd9BTAID.jpg",
                "height": 1100,
                "iso_639_1": "it",
                "vote_average": 0,
                "vote_count": 0,
                "width": 743
            },
            {
                "aspect_ratio": 0.675,
                "file_path": "/4gbR5FAC5nxJoY6kvOSMNR8vcmx.jpg",
                "height": 1000,
                "iso_639_1": "ru",
                "vote_average": 0,
                "vote_count": 0,
                "width": 675
            },
            {
                "aspect_ratio": 0.7,
                "file_path": "/vuChmnzBZxCMwBdIKAzBFmTCj9e.jpg",
                "height": 1100,
                "iso_639_1": "uk",
                "vote_average": 0,
                "vote_count": 0,
                "width": 770
            },
            {
                "aspect_ratio": 0.696,
                "file_path": "/qMKETmiT70UhfeSjTiJ9rmxQmDN.jpg",
                "height": 1500,
                "iso_639_1": "uk",
                "vote_average": 0,
                "vote_count": 0,
                "width": 1044
            },
            {
                "aspect_ratio": 0.7,
                "file_path": "/50Rhaoh1qQQpflGCzj4i18RkJHt.jpg",
                "height": 1100,
                "iso_639_1": "it",
                "vote_average": 0,
                "vote_count": 0,
                "width": 770
            }
        ]
    },
    "reviews": {
        "page": 1,
        "results": [
            {
                "id": "581bbdbbc3a36805c60001f1",
                "author": "iheardthatmoviewas",
                "content": "With each new Marvel film one could expect the studio to push the limits of what a superhero film should consist of. Films such as Captain America: Winter Solider, Guardians of the Galaxy and Ant-Man all consisted of elements that we have never seen within a superhero film before. Now, Marvel Studios attempts to push the envelop once more by leaving the world of high tech armors and super soldiers and entering the mystical world of magic. Leading this charge is Benedict Cumberbatch's Doctor Stephen Strange and hopefully he could answer why there is this strange mystical feeling that we have seen this all before.\r\n\r\n\r\n\r\n> From Marvel comes “Doctor Strange,” the story of world-famous neurosurgeon Dr. Stephen Strange whose life changes forever after a horrific car accident robs him of the use of his hands. When traditional medicine fails him, he is forced to look for healing, and hope, in an unlikely place—a mysterious enclave known as Kamar-Taj. He quickly learns that this is not just a center for healing but also the front line of a battle against unseen dark forces bent on destroying our reality. Before long Strange—armed with newly acquired magical powers—is forced to choose whether to return to his life of fortune and status or leave it all behind to defend the world as the most powerful sorcerer in existence.\r\n\r\nI am going to start off the review by discussing the only strong positive thing that came out of Doctor Strange and its by far the visuals. Beautiful vibrant colors pop at you throughout the film, the costume design is beyond extravagant and the framing is spot on. Doctor Strange and his fellow Sorcerers Supremes powers aren't fully on display until they enter the Mirror Dimension and my god, Tony Stark and Bruce Banner would hate this place. As they are men of science, they would hate that all rules of physics are thrown out the window as our Sorcerers Supremes are capable of breaking buildings apart and reforming to however they please. It is hard to not reference Inception but no one here is dreaming, these visuals are being created by the hand of mystical men and they use it to their power.\r\n\r\nIn all honestly, pushing the envelope when it comes to visuals was not a difficult task at all. Heck, if they didn't I would have been extremely disappointed as it was an obvious opportunity to take advantage of since we are dealing with magic. I am still extremely disappointed regardless as director Scott Derrickson completely missed another obvious opportunity to push the envelope this time in regards of character development.\r\n\r\nDoctor Stephen Strange is very much like a Tony Stark and other superheroes we have seen in films before as he is arrogant, egoistical and full of it. After Strange's accident in which he suffered extreme nerve damage to both hands, he dishes out every penny to his name to repair his hands in hopes he could continue his career as neurosurgeon. Every attempt fails and Strange becomes desperate enough to head to Nepal and finds himself under the guidance of Tilda Swinton's The Ancient One. Learning a whole new concept in the mystic arts forces Strange to reshape his way of thinking but Scott Derrickson does not let this have Strange reshape who he is as a person as well.\r\n\r\nDoctor Strange should have found himself being more like a Steve Rogers towards the end of the film as learning the mystic arts and his accident alone should have broken his ego. But instead everything still comes easy to him as he masters magic with ease with very little tension. He has a couple hiccups in the beginning but once The Ancient One puts him under her wing it is smooth sailing and Strange is stealing texts, wielding powerful weapons and defeating Supremes with decades of training with ease.\r\n\r\nYou cannot say that Strange was destined for the mystic arts and that is why everything came so easy for him. Strange is only learning the mystic arts due to circumstance. If he doesn't get into an accident, which happened to him due to being careless, he doesn't find himself in Nepal. Harry Potter was destined for magic, not Strange. Strange fails to grow as a character because he continues to be proven right and no consequences seem to happen due to his actions.\r\n\r\nIt is hard to get into the character development of our supporting characters Benedict Wong's Wong and Chiwetel Ejiofor's Mordo as I would utterly spoil the film for you. All I would say though is that they were both mishandled and deserved better developments. It is a shame too because Wong and Ejiofor are superb actors but wasting talent is something Marvel Studios is used to.\r\n\r\nWhen will Marvel Studios get a villain right?  With Mads Mikkelsen playing our lead villain, Kaecilius, I thought we might finally get a cinematic Marvel villain that is on par to Killgrave and Kingpin over at Marvel's television department. Ultimately, Kaecilius and Doctor Strange end up fighting due to the most silliest cliche: being at the wrong place at the wrong time. The two individuals meet at the New York Sanctum Sanctorum in which Strange accidentally gets blown in to. Kaecilius is there to kill the protector and Sanctum Sanctorum itself and has no knowledge of who Strange is. In fact, he honestly believes Strange's name is in fact \"Mister Doctor.\" Still learning his craft, Strange is capable of putting up a better fight than the protector who should be a matter. I mean, he is a protector after all. There are no stakes for Strange, strange.\r\n\r\nVisually appealing could only get you so far as Doctor Strange fails to focus on the development of their characters that they made so appealing to the eye. Doctor Strange will become a huge asset to the Marvel Cinematic Universe and lets hope we see the rest of Strange's development when he casts his next spell. There is so much untapped potential in Strange's character, we just haven't seen the best of him yet.",
                "url": "https://www.themoviedb.org/review/581bbdbbc3a36805c60001f1"
            },
            {
                "id": "581e7bad9251410a0e01146e",
                "author": "Frank Ochieng",
                "content": "All continues to be well in the Marvel Comics Universe as the film adaptation of another mischievous and majestic superhero from Stan Lee’s printed page empire emerges and reigns supreme on the big screen. The latest cure from the Marvel movie bag of explosive tricks is the entry of the dazzling and decorative **Doctor Strange**. Armed with a collection of notable performers, a convincing colorful scope of visual vibrancy and a hearty touch of spiritual and reflective potency the spellbinding **Doctor Strange** is an engaging and oddly sophisticated action-oriented comic book fantasy adding imaginative flavor to the typical escapist gem from the Marvel stable of powered personalities.\r\n\r\nSome may argue that **Doctor Strange** is merely another conveyor belt cinematic comics confection that follows a safe and similar makeup that constitutes the obligatory Marvel Comics movie foundation–excitable weirdness, overly splashes of wayward whimsy, copious characterizations attached to their brand of eccentric grandeur and larger-than-life gestures of dark and devious exploits grounded in the basic landscape of good versus evil. Listen, sometimes traveling down the conventional path of constructed and adventurous Marvel-made spectacles is not necessarily a bad thing to consider. After all, the well-known and more popular superhero icons such as _Spider-Man_, _The Incredible Hulk_, _Iron Man_, _The Avengers_, and _The X-Men_ for instance seem to benefit nicely from the anticipated formula that routinely delivers the entertaining goods for its avid core of fanboys. So why not wipe off the seemingly obscure and underrated **Doctor Strange** and provide the same kind of popcorn-pulsating mystique for blockbuster cinema?\r\n\r\n**Doctor Strange** started out as a comic book creation in 1963 by Steve Ditko and Stan Lee. Director Scott Derrickson (“Paradise Lost”, “The Exorcism of Emily Rose”, “Sinister”, “Deliver Us From Evil”) does an admirable job in giving shades of bizarre brilliance and magical manipulation to an unconventional Marvel comic book character hardly known for his capacity to translate his mystical mastery to celluloid with compelling curiosity. Derrickson, known primarily for his creative juices in the realm of horror fantasies, confidently serves up the off-kilter and hypnotic appeal of Dr. Stephen Strange as embodied by accomplished English actor Benedict Cumberbatch (“Black Mass”, “The Imitation Game”, “12 Years a Slave”). Interestingly, Derrickson and his handful of screenwriters craft **Doctor Strange** with a mind-blowing measurement of restraint and inquisitiveness. Indeed, **Doctor Strange** echoes its contemporary Marvel-established movies with predictable pluckiness to a certain extent but what is appreciated more is the uniqueness of the film’s ability to emphasize a cerebral superhero that is cut out of a different kind of creative cloth which feels quite distinctive from other brooding Marvel mavericks. Cumberbatch–mastering a rather effective American-accented sorcerer with skill–has injected a degree of inventive nobility and refinement that uplifts this calculating comic-book fantasy.\r\n\r\nCumberbatch’s egotistical Stephen Strange is an incredibly gifted neurosurgeon. His hands are truly miraculous tools of his medical trade and he takes pride in his abilities to treat the critical patients that have tremendous hope courtesy of his therapeutic capabilities. In a nutshell, Strange outshines his other surgical competitors because he is able to give to his patients on the operating table something other doctors cannot instantly muster up. However, cruel fate strikes its ugly head when Strange suffers the usage of his precious hands as a result of a horrific car wreck. The nerves in his hands are destroyed and the non-functioning of his limbs is an awful reminder that his surgical talents are something of the immediate past.\r\n\r\nAs Strange delves into self-pity and surfacing depression he cannot see just how supportive his fellow physician Christine Palmer (Rachel McAdam) is toward him. Clearly, Christine is in love with the alienating medical moper but Strange simply does not realize the extent of her affections because he is too busy sulking about his misfortune. The only factor that gets a promising rise out of Strange is his recent acknowledgement of the Tibetan community where there is a Kamar-Taj temple rumored to restore ailing body parts destined to make an individual “whole” and “complete” once again. Naturally, Strange wants to bypass the tedious and lengthy therapy sessions for a chance to experience the miracle of his once-amazing operating digits now ravaged by severe nerve damage.\r\n\r\nThe main source behind the Kamar-Taj temple’s heralded existence is The Ancient One (played by Tilda Swinton). She is instrumental in teaching the fundamentals of a selected Eastern mysticism that teaches the special concentration of healing the wounded and wasting human body when scientific medical practices fail to do so. Soon, Strange’s affiliation with The Ancient One and her mystical minions has more than a transfixing effect on gaining control of his ailing hands as he gains indescribable powers through the inner strength of mind and soul. Now, Dr. Strange can generate his own alternating state of philosophical wizardry that dictates shaping time and space dimensions. Strange’s out-of-body experiences supersede all his previous physical impairments as a force to be reckoned with at large. Whether observing Strange’s Cloak of Levitation methods or witnessing his supernatural prowess on the mean streets against wickedness Doctor Strange spins a wild and weird web of action-packed surrealism that is a welcomed addition to Marvel Comics’ showcasing of super-heroic protective cads feisty in flaws and frivolity.\r\n\r\nCumberbatch is mesmerizing as the self-absorbed genius Strange who perhaps is the best complex Marvel-related protagonist since Robert Downey Jr.’s flippant Tony Stark/Iron Man. The combination of heightened arrogance and high-brow self-doubt and vulnerability tactically works as Cumberbatch sells this portrayal solidly. Although Swinton’s The Ancient One is an intriguing enigma in her own right one must question why the absence of an Asian actor not considered for this particular role may have some scratching their heads in indignation? McAdam’s love interest Christine amounts to only being an afterthought not just in the eyes of her object of affection Strange but to the audience as well.\r\n\r\nThankfully, the other supporting players contribute marvelously to the festivities. Oscar nominee Chiwetel Ejiofor (Cumberbatch’s co-star from the Academy Award-winning “12 Years a Slave”) plays fellow sorcerer Mordo while Benedict Wong assumes the duty as another one of The Ancient One’s followers who guards the school’s sacred scriptures. Mads Mikkelsen is devilishly received as Kaecilius, the former disciple of The Ancient One gone rogue whose agenda in releasing an ominous demon Dormammu to the world will test the will of Doc Strange’s newfound mystical techniques and tactics.\r\n\r\nNo doubt that **Doctor Strange** is an impeccably surging superhero fable laced with stunning aesthetics and a richly robust score by Michael Giachinno. The high caliber of talent associated with this spry comic book actioner definitely ensures another superhero film franchise-in-the-making as Cumberbatch’s introspective doc administers his **Strange** dosage of Marvel movie-making medicine for the ages.\r\n\r\n**Doctor Strange** (2016)\r\n\r\nWalt Disney Pictures\r\n\r\n2 hrs. 10 mins.\r\n\r\nStarring: Benedict Cumberbatch, Tilda Swinton, Chiwetel Ejiofor, Mads Mikkelsen, Rachel McAdam, Benedict Wong, Benjamin Bratt\r\n\r\nDirected by: Scott Derrickson\r\n\r\nMPAA Rating: PG-13\r\n\r\nGenre: Science Fiction & Fantasy/Action & Adventures/Comic Book Fable\r\n\r\nCritic’s rating: *** 1/2 (out of 4 stars)\r\n\r\n(c) **Frank Ochieng** 2016",
                "url": "https://www.themoviedb.org/review/581e7bad9251410a0e01146e"
            },
            {
                "id": "582540379251417b2c0033e2",
                "author": "Gimly",
                "content": "Though the core events may not be anything new for the MCU, particularly in so far as its origin stories go (Stephen Strange's A-to-B is virtually identical to Tony Stark's in the first _Iron Man_ film) the psychedelic filter through which we experience these events is entirely fresh!\r\n\r\nNot all of the humour lands, and in fact sometimes actually detracts from the story. While the effects are very impressive from a conceptual angle, the graphical end-products do sometimes fall short. Benedict Cumberbatch is a fantastic actor, and does a fine job as Doctor Strange, virtually the whole cast are proven actors, but none are really given the chance to flex those acting muscles to any sort of a newly impressive degree.\r\n\r\nThose minor nitpicks aside, _Doctor Strange_ is another very successful entry to the MCU, just further proving that Marvel really know what they're doing in this latest form the film industry has taken.\r\n\r\n_Final rating:★★★½ - I strongly recommend you make the time._",
                "url": "https://www.themoviedb.org/review/582540379251417b2c0033e2"
            }
        ],
        "total_pages": 1,
        "total_results": 3
    }
}